n_served,n_censored,mean_wait_min,median_wait_min,max_wait_min,jain_fairness,starvation_count,mean_bay_utilization,seed,arrival_rate,load_factor,strategy
104,0,0.04399420291015478,0.0,4.575397102656098,0.009615384615384614,0,0.34826022514233834,0,1.0,0.3480552103241169,FCFS
97,0,1.7833750219688544,0.0,39.425622909307094,0.05625581294876622,3,0.3027029468995892,1,1.0,0.3480552103241169,FCFS
104,0,0.8585390040015262,0.0,41.25218833082272,0.024275287751672994,2,0.35437908266771817,2,1.0,0.3480552103241169,FCFS
113,0,2.0583591062386604,0.0,55.95758158055014,0.05870390694036581,4,0.3762094417920583,3,1.0,0.3480552103241169,FCFS
115,0,0.22756143714680588,0.0,24.017055288907613,0.010241914008349309,0,0.396993823418679,4,1.0,0.3480552103241169,FCFS
109,0,1.1971839403959874,0.0,65.70322784511518,0.025746746283166488,2,0.3715558691649083,5,1.0,0.3480552103241169,FCFS
115,0,0.4600400667881905,0.0,20.885019181180724,0.02467893909952558,0,0.3865434654162236,6,1.0,0.3480552103241169,FCFS
87,0,0.20751157990606323,0.0,14.67871942763395,0.016902277778473807,0,0.2628550463899828,7,1.0,0.3480552103241169,FCFS
109,0,2.3401731227452838,0.0,39.78254741454748,0.08574613381126396,3,0.33440619096501945,8,1.0,0.3480552103241169,FCFS
115,0,1.3934748882071706,0.0,51.17294295456668,0.03661574910049632,3,0.397710344964131,9,1.0,0.3480552103241169,FCFS
113,0,1.8501626551741803,0.0,58.97102715465644,0.046904294801976165,3,0.3637551157581348,10,1.0,0.3480552103241169,FCFS
108,0,0.8177584514565642,0.0,31.777711662588445,0.03307463564525809,2,0.3444338962310824,11,1.0,0.3480552103241169,FCFS
124,0,4.096758747639096,0.0,90.10031455938224,0.06582535265465367,7,0.40997992333253974,12,1.0,0.3480552103241169,FCFS
114,0,1.2254782366376993,0.0,42.292605647816345,0.03959448202665375,2,0.36217711099246863,13,1.0,0.3480552103241169,FCFS
105,0,3.590345763465678,0.0,90.27642079500583,0.05830381937933709,5,0.3665532624498057,14,1.0,0.3480552103241169,FCFS
104,0,2.0382929593262746,0.0,54.72214112713482,0.061508544395864784,2,0.2621552643580356,0,1.0,0.3480552103241169,SRPT
97,0,3.190988922988236,0.0,54.8088576959035,0.10156224218150066,4,0.23455918024759956,1,1.0,0.3480552103241169,SRPT
104,0,4.234069145621471,0.0,54.509761014108335,0.11554872069370514,6,0.27751251809079097,2,1.0,0.3480552103241169,SRPT
113,0,4.125395548072417,0.0,61.39691988601044,0.10712187221547653,6,0.2782774490912462,3,1.0,0.3480552103241169,SRPT
115,0,4.360459544277185,0.0,70.10007016309874,0.11397516880624176,6,0.3041663860293623,4,1.0,0.3480552103241169,SRPT
109,0,3.5813032782862178,0.0,65.70405850120187,0.09732375401908043,6,0.28431514333970503,5,1.0,0.3480552103241169,SRPT
115,0,3.4873434468182554,0.0,38.52352607247576,0.12323555021436239,6,0.3132177664142718,6,1.0,0.3480552103241169,SRPT
86,1,1.688877245627964,0.0,37.26939988602817,0.06595718053208512,1,0.22374849638763225,7,1.0,0.3480552103241169,SRPT
109,0,3.608646712340546,0.0,65.43624752183541,0.11276062110587895,3,0.25674569324829033,8,1.0,0.3480552103241169,SRPT
115,0,4.976487431031944,0.0,84.40201005733343,0.13589765244027466,8,0.310522432186527,9,1.0,0.3480552103241169,SRPT
113,0,2.671442580938178,0.0,45.62065608238754,0.09859097847480558,2,0.29849057560020553,10,1.0,0.3480552103241169,SRPT
108,0,2.3412178034631013,0.0,59.776015518037184,0.07565262312579286,2,0.2785949661515233,11,1.0,0.3480552103241169,SRPT
124,0,7.049996333313014,0.0,102.80384930533455,0.12380720853162976,11,0.3177779277885558,12,1.0,0.3480552103241169,SRPT
114,0,5.549766168554934,0.0,59.229376786284774,0.14504799476036115,11,0.29153425920933607,13,1.0,0.3480552103241169,SRPT
105,0,7.7965131126918354,0.0,180.06266809543104,0.08753066566978339,9,0.3026478880951243,14,1.0,0.3480552103241169,SRPT
104,0,2.0382929593262746,0.0,54.72214112713482,0.061508544395864784,2,0.2648190514460613,0,1.0,0.3480552103241169,SOC-Aware+Aging
97,0,2.8223177377575417,0.0,51.7902113060336,0.09473417454927549,3,0.23986914941544787,1,1.0,0.3480552103241169,SOC-Aware+Aging
104,0,3.701340242043826,0.0,47.977370871184576,0.12029262621510597,4,0.28226288937398314,2,1.0,0.3480552103241169,SOC-Aware+Aging
113,0,4.107982034023165,0.0,61.39691988601044,0.11265495217442287,5,0.2890455263844372,3,1.0,0.3480552103241169,SOC-Aware+Aging
115,0,4.360459544277185,0.0,70.10007016309874,0.11397516880624176,6,0.3117739084130941,4,1.0,0.3480552103241169,SOC-Aware+Aging
109,0,3.1334949101489484,0.0,38.23161533137568,0.10810429154839438,5,0.28769516674542134,5,1.0,0.3480552103241169,SOC-Aware+Aging
115,0,3.211702178923479,0.0,38.52352607247576,0.11792271751137286,5,0.31621632695406954,6,1.0,0.3480552103241169,SOC-Aware+Aging
86,1,1.7775962015400901,0.0,37.26939988602817,0.05953016667971998,3,0.22374849638763225,7,1.0,0.3480552103241169,SOC-Aware+Aging
109,0,3.8273754570960494,0.0,48.36570699907088,0.1329515597083231,4,0.26159773566394967,8,1.0,0.3480552103241169,SOC-Aware+Aging
115,0,4.976487431031944,0.0,67.26516009193165,0.1521425568768161,9,0.310522432186527,9,1.0,0.3480552103241169,SOC-Aware+Aging
113,0,2.697198615190981,0.0,56.32228784734707,0.09279541555715944,2,0.3033902221560175,10,1.0,0.3480552103241169,SOC-Aware+Aging
108,0,2.3412178034631013,0.0,59.776015518037184,0.07724650560730952,2,0.28432003227936303,11,1.0,0.3480552103241169,SOC-Aware+Aging
124,0,6.633683492039789,0.0,90.10031455938224,0.12692450228812238,11,0.3244727886821531,12,1.0,0.3480552103241169,SOC-Aware+Aging
114,0,4.452901561322707,0.0,59.229376786284774,0.15017567586622843,5,0.30238317946529397,13,1.0,0.3480552103241169,SOC-Aware+Aging
105,0,8.133076843721925,0.0,122.12007599227218,0.12752671787302108,11,0.30777799017577845,14,1.0,0.3480552103241169,SOC-Aware+Aging
160,0,2.539692059359358,0.0,41.17859182232587,0.0939953023188692,4,0.5036763476191618,0,1.5,0.5220828154861754,FCFS
148,0,6.062885674990182,0.0,81.19806663410145,0.14248434349878347,9,0.47500707952778415,1,1.5,0.5220828154861754,FCFS
164,0,3.6064710710818804,0.0,63.19585348138298,0.11728698982598801,5,0.5529294443281281,2,1.5,0.5220828154861754,FCFS
164,0,10.52379133097071,0.0,92.02256216841033,0.1869673613744097,24,0.5369051832827696,3,1.5,0.5220828154861754,FCFS
162,0,2.1845251132260604,0.0,50.912291666016245,0.07775030770222381,3,0.5205470918460998,4,1.5,0.5220828154861754,FCFS
160,0,5.275797832501944,0.0,99.80103927215168,0.11227288119675014,9,0.5450097620538864,5,1.5,0.5220828154861754,FCFS
156,0,5.186435520578985,0.0,91.38935820218296,0.09726999118105314,11,0.5154544564602668,6,1.5,0.5220828154861754,FCFS
130,0,3.52376199340152,0.0,52.75566368391719,0.1157062374142412,5,0.4157104994311136,7,1.5,0.5220828154861754,FCFS
170,0,5.303794648597344,0.0,64.7514945440821,0.12861751475513436,13,0.5117286073921923,8,1.5,0.5220828154861754,FCFS
173,0,6.941067152215751,0.0,88.67451730391485,0.1654807516476494,18,0.5804084882517359,9,1.5,0.5220828154861754,FCFS
155,0,7.263175554791151,0.0,95.26271897972629,0.1616280667456871,15,0.5021127848226475,10,1.5,0.5220828154861754,FCFS
164,0,5.028176146319708,0.0,76.0045533617922,0.10696677276084411,9,0.5279146373165566,11,1.5,0.5220828154861754,FCFS
165,0,10.181089135574773,0.0,124.05818571249529,0.18004064430401379,24,0.5523424864401932,12,1.5,0.5220828154861754,FCFS
169,0,5.931924546866038,0.0,54.290205631331446,0.16274297577750133,18,0.5690402556067375,13,1.5,0.5220828154861754,FCFS
143,0,5.906222309267188,0.0,83.1417561873559,0.13072148570258618,10,0.48621842616368505,14,1.5,0.5220828154861754,FCFS
160,0,6.399974647617425,0.0,54.05548098522331,0.20217379153441867,12,0.39470668104793105,0,1.5,0.5220828154861754,SRPT
148,0,7.590731901634822,0.0,77.51798530996712,0.19926857090669606,16,0.37709043497390965,1,1.5,0.5220828154861754,SRPT
164,0,5.875241842869321,0.0,82.41679454147834,0.16826365786702138,12,0.4446621099669738,2,1.5,0.5220828154861754,SRPT
163,1,9.011745900962293,0.0,96.49023855288124,0.19164977590592586,21,0.42095503164865533,3,1.5,0.5220828154861754,SRPT
162,0,5.379661594026868,0.0,73.40571198523617,0.1519426241403756,10,0.4253147538616761,4,1.5,0.5220828154861754,SRPT
160,0,5.637716299092428,0.0,77.57261048023793,0.1323174881732866,12,0.4301804310402935,5,1.5,0.5220828154861754,SRPT
156,0,5.909772794682666,0.0,73.73864598967657,0.18548320703848492,11,0.4154792174998864,6,1.5,0.5220828154861754,SRPT
130,0,5.709616747881574,0.0,62.084226364084316,0.18947158111880613,8,0.35783343727781114,7,1.5,0.5220828154861754,SRPT
169,1,8.166286592497194,0.0,73.5245349036918,0.21360681127291956,22,0.41148255426778707,8,1.5,0.5220828154861754,SRPT
173,0,7.664908308348419,0.0,95.50436165778729,0.1997834980389914,18,0.448556881446069,9,1.5,0.5220828154861754,SRPT
155,0,8.619304316217473,0.0,89.12429839269271,0.20914288653291677,20,0.3951318619581776,10,1.5,0.5220828154861754,SRPT
164,0,6.659122836620094,0.0,89.13322497264471,0.1542492828782512,14,0.42510042335116244,11,1.5,0.5220828154861754,SRPT
165,0,9.79296849834594,0.0,128.03537156991115,0.18181674201661815,17,0.44493440044180604,12,1.5,0.5220828154861754,SRPT
169,0,8.05960472408841,0.0,79.19793178268446,0.2050172293982443,21,0.4338752517847956,13,1.5,0.5220828154861754,SRPT
143,0,11.62366600442537,0.0,147.71733544939434,0.1565246029403016,19,0.3964665112410976,14,1.5,0.5220828154861754,SRPT
160,0,5.289212717954678,0.0,64.76553482175132,0.1805064683838703,8,0.4025606553301646,0,1.5,0.5220828154861754,SOC-Aware+Aging
148,0,7.296499608698831,0.0,77.52411083569677,0.2014722486041294,15,0.3929158023699141,1,1.5,0.5220828154861754,SOC-Aware+Aging
164,0,5.17900200069376,0.0,54.76292038982683,0.19408358829245603,7,0.45022795850283154,2,1.5,0.5220828154861754,SOC-Aware+Aging
163,1,9.976798796625259,0.0,78.26638190909762,0.21937090127754846,25,0.4426097578516488,3,1.5,0.5220828154861754,SOC-Aware+Aging
162,0,4.517870516206714,0.0,71.59776853217613,0.13979389369229536,7,0.437849065676117,4,1.5,0.5220828154861754,SOC-Aware+Aging
160,0,5.446860587791261,0.0,72.18546008155863,0.14207758309695967,11,0.4361968140196615,5,1.5,0.5220828154861754,SOC-Aware+Aging
156,0,6.164435105782341,0.0,69.5451686229112,0.1982029416909278,10,0.43167575790506807,6,1.5,0.5220828154861754,SOC-Aware+Aging
130,0,5.9575280464564,0.0,52.75566368391719,0.19719530661734913,9,0.36000101861766737,7,1.5,0.5220828154861754,SOC-Aware+Aging
169,1,7.618221300631049,0.0,76.86619098291612,0.20493370748801706,19,0.4199868934745671,8,1.5,0.5220828154861754,SOC-Aware+Aging
173,0,7.675775640310275,0.0,59.8601282218533,0.22639196519234897,16,0.4714024573914749,9,1.5,0.5220828154861754,SOC-Aware+Aging
155,0,8.889560843906432,0.0,65.14750621750272,0.24964417275181688,21,0.40902340600964576,10,1.5,0.5220828154861754,SOC-Aware+Aging
164,0,6.384733255894564,0.0,69.62662651997698,0.16657383148934327,14,0.43968072556812116,11,1.5,0.5220828154861754,SOC-Aware+Aging
165,0,10.496791217856996,0.0,106.90335469025649,0.2390143443251481,22,0.4586376222864911,12,1.5,0.5220828154861754,SOC-Aware+Aging
169,0,6.328176936461764,0.0,65.56116885085385,0.2000363288693773,14,0.4488217259764882,13,1.5,0.5220828154861754,SOC-Aware+Aging
143,0,12.196049880513742,0.0,125.073786939397,0.19122095267591213,21,0.40579237537568646,14,1.5,0.5220828154861754,SOC-Aware+Aging
218,0,14.694227662504153,0.0,117.51536333804506,0.2787646133401393,49,0.6854240832173575,0,2.0,0.6961104206482338,FCFS
195,2,15.235712264959739,0.0,122.44797981414285,0.22636856302700284,39,0.6047404098168323,1,2.0,0.6961104206482338,FCFS
233,0,19.294213315128076,1.5346288199552873,142.4195583398755,0.3290014725631934,63,0.776883675853798,2,2.0,0.6961104206482338,FCFS
218,0,16.809017157800913,0.0,145.2583393285131,0.21005753665821755,43,0.6790491714028961,3,2.0,0.6961104206482338,FCFS
208,0,9.953552387622683,0.0,80.64834391103682,0.24540883414993955,27,0.6257740294327464,4,2.0,0.6961104206482338,FCFS
214,1,17.135766674746225,0.0,112.826595946814,0.27069245779157997,46,0.7067603012756283,5,2.0,0.6961104206482338,FCFS
211,0,14.482811949405496,0.0,95.49182464040587,0.30497446687627927,45,0.7098021112881033,6,2.0,0.6961104206482338,FCFS
188,0,10.619188750528586,0.0,91.38832832286334,0.23116521839453413,32,0.6203219817429403,7,2.0,0.6961104206482338,FCFS
222,0,14.763000143647984,0.0,120.39421737182897,0.2360978357650383,44,0.6763001855370157,8,2.0,0.6961104206482338,FCFS
232,2,16.474067662585515,0.2819354237998368,98.05557361092815,0.3176288074615457,57,0.7473212325313876,9,2.0,0.6961104206482338,FCFS
216,0,20.164250516465852,3.6258570330334123,111.61666783057626,0.3630126687307135,68,0.6845519163597354,10,2.0,0.6961104206482338,FCFS
216,0,12.175561428706938,0.0,89.31700359469778,0.23403426324420712,38,0.6688850891733211,11,2.0,0.6961104206482338,FCFS
213,0,33.77797706298148,0.0,255.19727297243526,0.23920534939981516,62,0.7010677804085421,12,2.0,0.6961104206482338,FCFS
218,0,15.240185058245432,0.0,133.90918120352717,0.2957321053797571,52,0.6904057679742165,13,2.0,0.6961104206482338,FCFS
199,0,24.22083820910945,0.0,163.32072579316173,0.27881773635382273,56,0.6660944069479201,14,2.0,0.6961104206482338,FCFS
218,0,12.857657630071124,0.0,101.27619537650116,0.2914132156564397,39,0.563342848759524,0,2.0,0.6961104206482338,SRPT
197,0,15.269459412826626,0.0,173.58647101239467,0.277689446678539,37,0.505597383523947,1,2.0,0.6961104206482338,SRPT
233,0,11.81949735861281,0.0,181.15646816987737,0.2257560951393616,39,0.6217551078008348,2,2.0,0.6961104206482338,SRPT
218,0,13.823915162694698,0.0,155.84686727293,0.23247718500779888,35,0.558833848761717,3,2.0,0.6961104206482338,SRPT
208,0,8.243188886025582,0.0,80.35131010633404,0.24257738846379953,20,0.5239726715179297,4,2.0,0.6961104206482338,SRPT
214,1,10.95884120743842,0.0,134.74646469603613,0.23607583009260633,33,0.566376228347482,5,2.0,0.6961104206482338,SRPT
211,0,10.450343528883005,0.0,90.38530766149825,0.26874272339427907,27,0.5838817611066729,6,2.0,0.6961104206482338,SRPT
188,0,10.29176656792863,0.0,108.84806712642694,0.23290159873834587,22,0.5239982078499656,7,2.0,0.6961104206482338,SRPT
222,0,12.234788707238426,0.0,111.34146159635861,0.25310358859307314,38,0.5545891246985274,8,2.0,0.6961104206482338,SRPT
233,1,13.283498088903,0.0,137.00016858071513,0.2655525410124605,42,0.6081415290762343,9,2.0,0.6961104206482338,SRPT
216,0,15.788890912494551,4.473053385731873,139.30820508566876,0.31580922657990085,46,0.5658112956957081,10,2.0,0.6961104206482338,SRPT
215,1,10.672003702655566,0.0,85.43270172030134,0.2574231921411741,35,0.5516372041571777,11,2.0,0.6961104206482338,SRPT
213,0,20.323717735861216,0.0,175.429270353211,0.2788623692095634,56,0.5869058736465391,12,2.0,0.6961104206482338,SRPT
218,0,12.731641670477481,0.0,81.802545466526,0.30488631213901446,40,0.5693246040313928,13,2.0,0.6961104206482338,SRPT
199,0,19.788843651967227,0.0,189.71686315009538,0.19887859702286395,41,0.5362551100821351,14,2.0,0.6961104206482338,SRPT
218,0,12.635169723911828,0.5691088285152546,98.50446254934104,0.3162059079659798,40,0.5927163106828858,0,2.0,0.6961104206482338,SOC-Aware+Aging
197,0,16.073242866747297,0.0,95.35217998404187,0.3194713608070633,47,0.5362223411613601,1,2.0,0.6961104206482338,SOC-Aware+Aging
233,0,9.678837112674783,0.0,72.25174615690139,0.2661781548785304,34,0.6276852977153431,2,2.0,0.6961104206482338,SOC-Aware+Aging
218,0,15.004840104824904,0.0,117.05251889200508,0.26976755944382746,42,0.5811120641884839,3,2.0,0.6961104206482338,SOC-Aware+Aging
208,0,7.294379724529661,0.0,55.31762587489948,0.26343030836478626,13,0.5359464501092531,4,2.0,0.6961104206482338,SOC-Aware+Aging
214,1,11.39306467764304,0.0,95.78491185272742,0.29300814973090544,33,0.5968937686409097,5,2.0,0.6961104206482338,SOC-Aware+Aging
211,0,11.393645241453182,0.0,84.38495364445544,0.30812537632640136,31,0.6066677337377975,6,2.0,0.6961104206482338,SOC-Aware+Aging
188,0,10.027446991241593,0.0,78.7762979146346,0.23220064921287464,24,0.5286821965382053,7,2.0,0.6961104206482338,SOC-Aware+Aging
222,0,14.395760225812776,0.0,110.97876267429024,0.26276501526149876,41,0.5697524560716827,8,2.0,0.6961104206482338,SOC-Aware+Aging
233,1,13.408909243767075,1.5931233562369016,75.10572165900976,0.32030938540916937,43,0.6437446221951129,9,2.0,0.6961104206482338,SOC-Aware+Aging
216,0,24.77709317700017,5.562036259125762,177.03902101259837,0.2902503100455116,61,0.5963510914057102,10,2.0,0.6961104206482338,SOC-Aware+Aging
215,1,9.706038880012704,0.0,70.99976890187554,0.24620086662423338,27,0.5705224025979073,11,2.0,0.6961104206482338,SOC-Aware+Aging
213,0,28.502808017847347,8.697392587767354,182.47587596487574,0.32745559958828524,67,0.6346400255021555,12,2.0,0.6961104206482338,SOC-Aware+Aging
218,0,12.000852583722555,0.0,75.96647942697973,0.31841824555924203,36,0.5974844816508761,13,2.0,0.6961104206482338,SOC-Aware+Aging
199,0,33.74884980593311,0.0,247.7155049466719,0.23900502458976963,59,0.5784851754055809,14,2.0,0.6961104206482338,SOC-Aware+Aging
258,0,36.24010524535928,16.06547605409719,175.92965149861993,0.41157115575080044,108,0.7816755706858403,0,2.3,0.8005269837454688,FCFS
237,6,45.86629832527016,23.518809342583154,206.84176434775964,0.41248364310360486,107,0.7501289922321762,1,2.3,0.8005269837454688,FCFS
264,0,60.21997857592079,46.5746299248251,254.93331205191998,0.5265008893606182,153,0.8665024808926017,2,2.3,0.8005269837454688,FCFS
247,0,32.36276003120036,0.4732481072687733,207.85369628433773,0.29245688676059844,76,0.761099522607398,3,2.3,0.8005269837454688,FCFS
248,6,46.84961964383698,19.48753590914373,288.19629720190824,0.3503903849307286,107,0.7642185930769981,4,2.3,0.8005269837454688,FCFS
257,0,47.872425547947216,24.79076183367306,241.67432817368808,0.4132883765897112,123,0.8266119900851259,5,2.3,0.8005269837454688,FCFS
242,0,26.992806487232293,9.92741973336922,147.47143804659936,0.37933712631167793,89,0.7839331481958222,6,2.3,0.8005269837454688,FCFS
207,0,20.459818901835096,0.0,114.29028885023854,0.33009196976490196,60,0.690735095119359,7,2.3,0.8005269837454688,FCFS
247,2,32.32071580668184,2.596556073294778,216.60506274204545,0.2982898598053217,78,0.7848230934030486,8,2.3,0.8005269837454688,FCFS
264,0,30.56743750542709,16.88665222255372,138.1707781840887,0.4317432468327786,106,0.8100331158747331,9,2.3,0.8005269837454688,FCFS
248,1,36.08735688192239,12.732915730524837,205.65077481085427,0.36425360445427013,100,0.7795409768054653,10,2.3,0.8005269837454688,FCFS
247,0,20.193426628204254,0.5272758476967283,99.04070190022776,0.34871771326202244,72,0.7730075907668305,11,2.3,0.8005269837454688,FCFS
241,0,38.77502675678786,13.541818259548563,235.9358631411592,0.3114604241926773,84,0.7913806097593482,12,2.3,0.8005269837454688,FCFS
246,2,24.50724295735055,4.690400333412526,142.82011313220482,0.33937897407780776,79,0.7599932087810374,13,2.3,0.8005269837454688,FCFS
230,4,33.67008195457013,5.743735087702589,270.32551991260243,0.27009195055111374,78,0.7521913934726548,14,2.3,0.8005269837454688,FCFS
258,0,21.890972909884955,9.10056379622165,147.3748461349096,0.34343407779996227,71,0.6688569410776537,0,2.3,0.8005269837454688,SRPT
242,1,24.122621791192117,7.846938550323557,179.27154519785927,0.32037199491694457,72,0.6186090127236162,1,2.3,0.8005269837454688,SRPT
264,0,18.50471682542249,5.682916698801364,143.31865868710383,0.3043477170706542,58,0.7213650793066446,2,2.3,0.8005269837454688,SRPT
247,0,19.488568691015544,2.6872840917708345,240.96576666374494,0.2436156612681128,53,0.6210670540758622,3,2.3,0.8005269837454688,SRPT
254,0,25.093844804948933,9.221704817619639,304.8848821782931,0.2645868886730828,71,0.6581216995829795,4,2.3,0.8005269837454688,SRPT
257,0,23.96882854044571,6.49140190227763,331.57409456403366,0.26323456483391205,73,0.6822611119406572,5,2.3,0.8005269837454688,SRPT
242,0,15.57223306565164,3.700757691200579,158.82824571171204,0.3008515669010514,52,0.6710555710308765,6,2.3,0.8005269837454688,SRPT
207,0,14.466910297560108,0.0,102.27405218951935,0.2737250540303729,43,0.5754483675619996,7,2.3,0.8005269837454688,SRPT
248,1,15.496902911123854,0.0,131.11461351110347,0.28810435243930405,54,0.6424521685318052,8,2.3,0.8005269837454688,SRPT
264,0,17.03177684298271,4.5842118050475165,175.3031446898549,0.2850203009786087,52,0.6686387039921455,9,2.3,0.8005269837454688,SRPT
248,1,25.76361589833826,11.373377821480972,233.62260343054731,0.3284629036513832,76,0.6587990465147927,10,2.3,0.8005269837454688,SRPT
247,0,15.65182208415529,3.3606703679042766,119.492583605037,0.32167569906224897,52,0.6353403108352748,11,2.3,0.8005269837454688,SRPT
241,0,28.230169963176955,7.426513794839593,392.25528623087393,0.20169955214013063,68,0.6732810442530224,12,2.3,0.8005269837454688,SRPT
244,4,17.49634757467923,3.6834181167830593,125.99971630053278,0.3279194565629397,56,0.6402165211353228,13,2.3,0.8005269837454688,SRPT
231,3,24.908772179624563,7.210820754171891,269.6222900024886,0.2581656241083961,63,0.6189392950340591,14,2.3,0.8005269837454688,SRPT
258,0,22.14485231132214,11.915640786038239,109.31605734020195,0.4111894954405885,81,0.6955490659152701,0,2.3,0.8005269837454688,SOC-Aware+Aging
238,5,37.09446926078195,11.48033824978188,200.460371527588,0.36923924958017534,93,0.6749253208075631,1,2.3,0.8005269837454688,SOC-Aware+Aging
264,0,20.849493547636772,9.959537083569103,105.67777793663527,0.3815340149665106,72,0.7487524089032698,2,2.3,0.8005269837454688,SOC-Aware+Aging
247,0,27.15824452005915,8.297149537726,198.84228646255042,0.32246038380206365,72,0.6541800841314288,3,2.3,0.8005269837454688,SOC-Aware+Aging
247,7,41.02094035803357,12.732669256027066,271.55844790269657,0.29310064663124274,91,0.6783970709036282,4,2.3,0.8005269837454688,SOC-Aware+Aging
257,0,43.888559084835926,18.075686420733746,233.23449919576797,0.370191317275356,106,0.7526731579507914,5,2.3,0.8005269837454688,SOC-Aware+Aging
242,0,26.802989979475218,9.117339627306933,185.00769986590058,0.32909741976145873,78,0.7098084403027345,6,2.3,0.8005269837454688,SOC-Aware+Aging
207,0,15.752273173239889,0.0,98.01927552520874,0.31263245632996345,45,0.5932584774225672,7,2.3,0.8005269837454688,SOC-Aware+Aging
248,1,21.287779541027884,4.59547712317044,126.80151447841786,0.34245413509909634,70,0.6664986147528179,8,2.3,0.8005269837454688,SOC-Aware+Aging
264,0,32.1525709591535,19.260246385371374,129.4893462145228,0.45419574077949987,107,0.7512676287147892,9,2.3,0.8005269837454688,SOC-Aware+Aging
248,1,33.42871222534555,14.36242938258033,196.81078066081318,0.3728239435634449,95,0.698079727167877,10,2.3,0.8005269837454688,SOC-Aware+Aging
247,0,16.906590713311175,3.370334871635805,93.48120586133268,0.35785865281023704,60,0.6816511505878018,11,2.3,0.8005269837454688,SOC-Aware+Aging
241,0,34.015271643538554,13.541818259548563,199.07403575265698,0.3380443693831694,84,0.7243437981160412,12,2.3,0.8005269837454688,SOC-Aware+Aging
245,3,20.599395851675485,7.763975657390802,123.71842431848836,0.3632224717595218,68,0.6840988102349385,13,2.3,0.8005269837454688,SOC-Aware+Aging
231,3,40.204587073516656,12.868801082334812,290.0201936749345,0.29646752581309677,86,0.6865809917591648,14,2.3,0.8005269837454688,SOC-Aware+Aging
293,5,78.38974160515103,63.2037816505574,267.1287520125534,0.5301126429654103,192,0.8754695537097261,0,2.6,0.904943546842704,FCFS
269,14,100.69384940776919,65.46862795027664,313.1189478766373,0.5087796259684639,178,0.8419715737358553,1,2.6,0.904943546842704,FCFS
285,6,216.84271391508324,238.1701849347146,450.4630961011071,0.7488597106570718,254,0.9251209896701349,2,2.6,0.904943546842704,FCFS
289,0,66.8557965600427,38.333034246154966,297.9525684967448,0.43119046788628135,155,0.8792067996335239,3,2.6,0.904943546842704,FCFS
273,14,88.55063440944147,61.495627668793304,306.0196848198657,0.5057060658617433,168,0.8492446944850428,4,2.6,0.904943546842704,FCFS
283,0,101.70674437767651,83.07941346945495,317.3590209455706,0.6259284777615866,221,0.9353896785892641,5,2.6,0.904943546842704,FCFS
270,0,91.34660320161271,76.65883394886714,363.38675088308537,0.5522797890920654,203,0.915273971827906,6,2.6,0.904943546842704,FCFS
233,0,45.51632130267907,31.890097268168574,159.77383219302305,0.4826700884126508,121,0.7899839671993816,7,2.6,0.904943546842704,FCFS
279,2,62.084711904860555,33.02358359696336,298.75254893930355,0.39268243962557303,145,0.8724164802449277,8,2.6,0.904943546842704,FCFS
288,10,89.4744442978201,88.65696099275647,262.60020900027916,0.6498633967147573,212,0.9008406426772977,9,2.6,0.904943546842704,FCFS
280,1,67.79723611491386,55.64322584744173,300.6120695444956,0.5070598996106547,180,0.8851323752774424,10,2.6,0.904943546842704,FCFS
274,4,39.718733933487634,32.624178873746814,148.1091815876698,0.5075354172648294,141,0.8603494565966872,11,2.6,0.904943546842704,FCFS
269,0,104.30699080862124,101.01180198523184,408.8982168304351,0.5411193541549245,180,0.8964100127108682,12,2.6,0.904943546842704,FCFS
274,0,54.704266650560264,35.730780040609716,273.87135594053416,0.4291339518369545,145,0.844785104805243,13,2.6,0.904943546842704,FCFS
261,2,58.71766837246002,46.044936572029656,325.3935241661138,0.441790811587061,149,0.8631791019955561,14,2.6,0.904943546842704,FCFS
293,5,31.972400215348028,17.159746136162994,302.8889451511959,0.36183229390731747,113,0.7556881788207079,0,2.6,0.904943546842704,SRPT
282,1,33.16306746065435,19.185351225883323,289.3627465022241,0.3463481954233718,106,0.7297845270628329,1,2.6,0.904943546842704,SRPT
291,0,30.186071543183818,13.160577935428591,259.62546865628246,0.33343926542868857,93,0.7865318343749041,2,2.6,0.904943546842704,SRPT
289,0,26.361164027418965,9.752402427761808,244.8680528528712,0.2931229656307274,90,0.7210778272133157,3,2.6,0.904943546842704,SRPT
282,5,37.50159754326774,19.536089472096705,437.25042037978255,0.30327853781149716,117,0.751574250467804,4,2.6,0.904943546842704,SRPT
283,0,33.016410007041316,14.059645522577739,492.2952141695823,0.24282354334024245,92,0.7500433182191059,5,2.6,0.904943546842704,SRPT
270,0,23.51166782157106,12.631011148063862,196.7629738971682,0.36910536906152236,81,0.7428766615772807,6,2.6,0.904943546842704,SRPT
232,1,19.567883616172892,4.013423787303964,208.3565831043045,0.29197727679277846,63,0.6458274229737428,7,2.6,0.904943546842704,SRPT
280,1,23.108852527545736,11.212723520241525,214.8325872986627,0.3273009795917958,84,0.7312979897482873,8,2.6,0.904943546842704,SRPT
296,2,30.088424470052157,16.89780617064889,201.98838964417428,0.3904548982765098,110,0.7814177163615206,9,2.6,0.904943546842704,SRPT
280,1,33.05029138703508,15.91947804433039,342.3771485139955,0.3628345003589783,112,0.7376727966394133,10,2.6,0.904943546842704,SRPT
277,1,20.464132005268485,5.182016245910745,119.91273782844746,0.35877095698189965,83,0.6989694895616658,11,2.6,0.904943546842704,SRPT
269,0,33.93063475413965,12.635471637994215,438.7586593669871,0.23384948305044473,94,0.7374234727505946,12,2.6,0.904943546842704,SRPT
274,0,24.94292005433014,9.973747966560268,202.05597063806727,0.33670476531805066,85,0.7215584625460066,13,2.6,0.904943546842704,SRPT
262,1,31.286494407107437,14.63188623393171,420.9452873151022,0.29397510844663205,90,0.7217655903828664,14,2.6,0.904943546842704,SRPT
293,5,73.31878399388823,54.75820489601438,285.46558348333383,0.5003633553397305,186,0.8456204548231919,0,2.6,0.904943546842704,SOC-Aware+Aging
272,11,76.63756670247328,41.78227814086654,291.0580814543964,0.45464510175279294,149,0.7757618577932438,1,2.6,0.904943546842704,SOC-Aware+Aging
286,5,229.97716099801124,262.0538545396714,453.4170402585805,0.7655627738244724,247,0.9032053200396848,2,2.6,0.904943546842704,SOC-Aware+Aging
289,0,47.29246902284496,21.51088603471635,205.623465641052,0.40829338888849276,126,0.7879545073912235,3,2.6,0.904943546842704,SOC-Aware+Aging
269,18,86.12750399984431,46.51107204194318,334.2587860804697,0.41977217325257343,154,0.8133313663287176,4,2.6,0.904943546842704,SOC-Aware+Aging
283,0,85.67838830727854,66.46306346529309,272.0290858366252,0.5326491323623318,176,0.8643642364664651,5,2.6,0.904943546842704,SOC-Aware+Aging
270,0,57.48896327536765,26.7422779472231,331.8694738364966,0.35499764928029703,126,0.8143699158217832,6,2.6,0.904943546842704,SOC-Aware+Aging
232,1,25.54333770059618,9.135370921248523,121.73448893762861,0.3718922397151408,74,0.6906279993459109,7,2.6,0.904943546842704,SOC-Aware+Aging
280,1,32.74094025161122,14.711713525788582,184.8964836858022,0.3873525456738616,110,0.7906061769936997,8,2.6,0.904943546842704,SOC-Aware+Aging
296,2,58.976711150877826,43.34097905634519,273.346206593171,0.4858157921262704,168,0.8397486214479162,9,2.6,0.904943546842704,SOC-Aware+Aging
280,1,53.51938214712764,33.82417137000408,290.0244601785921,0.40638629762811856,147,0.8151466703658538,10,2.6,0.904943546842704,SOC-Aware+Aging
277,1,28.333812911022488,13.183111756486142,123.82005838073974,0.43628578058555983,108,0.771489386285554,11,2.6,0.904943546842704,SOC-Aware+Aging
269,0,70.57097476932618,50.3760761446847,324.5867337422378,0.45923555300616614,160,0.8377986974088808,12,2.6,0.904943546842704,SOC-Aware+Aging
274,0,35.80069428060722,18.973888729241025,211.61134045043082,0.3975039800424784,116,0.7948548456443958,13,2.6,0.904943546842704,SOC-Aware+Aging
262,1,51.79069447130571,29.419447318262655,303.767699694421,0.37759633606716636,129,0.8068495934769045,14,2.6,0.904943546842704,SOC-Aware+Aging
